{
    "loss": 0.19445165991783142,
    "accuracy": 0.9482758641242981
}